{"x":3.55986937158653,"y":0.4888860433418402}